"ShortName","Description","DisplaySequence"
"NSG","Certificate not properly signed",1
"OOD","Certificate out of date",1
"RVC","Incomplete rabies vaccination information",1
"ANO","Incomplete test accession nbr and/or laboratory",1
"IND","Insufficient destination information",1
"INS","Insufficient source information",1
"NID","Livestock not adequately identified",1
"NDT","No date issued",1
"PMT","No permit number obtained",1
"OTH","Other",99
"PRE","Pre-dated signature",1
"TST","Testing requirements not met",1
