CVIPurposeTypeKey,Description,DisplaySequence,USAHACode
9,Backgrounding,1,
8,Breeding,1,BREEDING
21,Change of ownership,1,OTHER
10,Feeding,1,FEEDING
6,Feeding/slaughter,1,
11,Grazing,1,GRAZING
22,Horn inspection,1,
2,Interstate,1,OTHER
23,Leaving the state,1,
24,Lifetime travel permit,1,
13,Market,1,
14,Medical treatment,1,MEDICALTREATMENT
5,Other,99,OTHER
7,Pasture/grazing,1,
15,Pet,1,PET
16,Production,1,
17,Race,1,RACE
18,Recreational,1,
25,Released at no charge,1,
12,Rodeo,1,RODEO
1,Sale,1,SALE
3,Show/exhibition,1,SHOW
4,Slaughter,1,SLAUGHTER
19,Training,1,TRAINING
20,Transit,1,
26,Yearly travel permit,1,
