"Prefix","LName","FName","MailAddress","Mail City","MailZip","MailState","State","Email","CVIEmail","CVIErrorEmail","FileType"
"","Gerlach","Robert","5251 Dr. MLK Jr. Ave","Anchorage","99507","AK","ALASKA","bob.gerlach@alaska.gov","Minnie.keller@alaska.gov,decosv.akanimals@alaska.gov","","PDF"
"","Frazier","Anthony","1445 Federal Drive","Montgomery","36107-1123","AL","ALABAMA","tony.frazier@agi.alabama.gov","sharon.fulmer@agi.alabama.gov","Dynetta.Burton@agi.alabama.gov","PDF"
"","Doss","Brandon","P.O. Box 8505","Little Rock","72205","AR","ARKANSAS","bdoss@alpc.ar.gov","cviar@alpc.ar.gov","","PDF"
"","Mundschenk","Peter","1688 West Adams Street","Phoenix","85007","AZ","ARIZONA","PMundschenk@azda.gov","CVI@azda.gov","","PDF"
"","Jones","Annette","1220 N Street, Room A-107","Sacramento","95814","CA","CALIFORNIA","annette.jones@cdfa.ca.gov","evet@cdfa.ca.gov","","PDF"
"","Roehr","Keith","305 Interlocken Parkway","Broomfield","80021","CO","COLORADO","Keith.Roehr@state.co.us","animalhealth@state.co.us","","PDF"
"","Lis","Mary","165 Capitol Ave, Rm G-8A","Hartford","06106","CT","CONNECTICUT","mary.lis@ct.gov","ctstate.vet@ct.gov","","PDF"
"","Delvento","Vito","899 North Capitol St NE","Washington","20002","DC","DISTRICT OF COLUMBIA","vito.delvento@dc.gov","vito.delvento@dc.gov","","PDF"
"","Hirst","Heather","2320 S. DuPont Highway","Dover","19901","DE","DELAWARE","heather.hirst@state.de.us","Robert.moore@state.de.us","","PDF"
"","Short","Michael","407 South Calhoun St","Tallahassee","32399-0800","FL","FLORIDA","michael.short@freshfromflorida.com","FlaOCVI@freshfromflorida.com","","PDF"
"","Cobb","Robert","19 Martin Luther King Jr. Dr., SW","Atlanta","30334-4201","GA","GEORGIA","Robert.Cobb@agr.georgia.gov","GACVI@agr.georgia.gov","","PDF"
"","Poole","Thomas","163 Dairy Road","Mangilao","96913","GU","GUAM",,"gu.agri@yahoo.com","","PDF"
"","Wong","Raquel","99-941 Halawa Valley Street","Aiea","96701","HI","HAWAII","raquel.l.wong@hawaii.gov","hdoaic@hawaii.gov, rabiesfree@hawaii.gov","","PDF"
"","Schmitt","David","720 NE 44th Ct","Ankeny","50021","IA","IOWA","David.Schmitt@iowaAgriculture.gov","Karla.Crawford@iowaagriculture.gov","","PDF"
"","Barton","Bill","P.O. Box 7249","Boise","83712","ID","IDAHO","bill.barton@isda.idaho.gov","jeni.marple@agri.idaho.gov","","PDF"
"","Ernst","Mark","P.O. Box 19281","Springfield","62794-9281","IL","ILLINOIS","mark.ernst@Illinois.gov","AGR.CVI@Illinois.gov","","PDF"
"","Marsh","Bret","Discovery Hall Suite 100, 1202 E 38th Street","Indianapolis","46205","IN","INDIANA","bmarsh@boah.in.gov","ecvi@boah.in.gov","","CVI"
"","Brown","William","1320 Research Park Dr","Manhattan","66502","KS","KANSAS","William.Brown@kda.ks.gov","kda.ksimports@ks.gov","","PDF"
"","Stout","Robert","109 Corporate Dr","Frankfort","40601","KY","KENTUCKY","robert.stout@ky.gov","agr.cvi@ky.gov","","PDF"
"","Robbins","Brent","P.O. Box 1951","Baton Rouge","70821","LA","LOUISIANA","brobbins@ldaf.la.gov","vetreports@ldaf.state.la.us","","PDF"
"","O'Connor","Lorraine","251 Causeway St., Suite 500","Boston","02114-2151","MA","MASSACHUSETTS","lorraine.o'connor@state.ma.us","cvi@state.ma.us","","PDF"
"","Radebaugh","Michael","50 Harry S. Truman Parkway","Annapolis","21401","MD","MARYLAND","michael.radebaugh@maryland.gov","animalhealth.mda@maryland.gov","","PDF"
"","Walsh","Michelle","State House, Station 28","Augusta","04333-0028","ME","MAINE","michelle.walsh@maine.gov","Melissa.freeman@maine.gov","","PDF"
"","Averill","James","P.O. Box 30017","Lansing","48909","MI","MICHIGAN","averillj1@michigan.gov","CVI@michigan.gov","","PDF"
"","Thompson","Beth","625 North Robert St.","St. Paul","55155","MN","MINNESOTA","Beth.thompson@state.mn.us","Trace@state.mn.us","","PDF"
"","Hickam","Linda","P.O. Box 630","Jefferson City","65102-0630","MO","MISSOURI","linda.hickam@mda.mo.gov","mohealth.certificates@mda.mo.gov","","PDF"
"","Seman","Richard ","P.O. Box 10007","Saipan","96950-8907","MP","NORTHERN MARIANA ISLANDS","rbsdfw@itecnmi.com","rbsdfw@itecnmi.com","","PDF"
"","Watson","James","P.O. Box 3889","Jackson","39207","MS","MISSISSIPPI","JimW@mdac.ms.gov","Msstatevet@mdac.ms.gov","","PDF"
"","Zaluski","Martin","P.O. Box 202001","Helena","59620-2001","MT","MONTANA","mzaluski@mt.gov","livpermits@mt.gov","","PDF"
"","Meckes","R. Douglas","1030 Mail Service Center","Raleigh","27601","NC","NORTH CAROLINA","doug.meckes@ncagr.gov","joe.web@ncagr.gov","","PDF"
"","Keller","Susan","600 E. Boulevard Ave., Dept. 602","Bismark","58505","ND","NORTH DAKOTA","skeller@nd.gov","tcelley@nd.gov","","PDF"
"","Hughes","Dennis","P.O. Box 94787","Lincoln","68509-4787","NE","NEBRASKA","dennis.hughes@nebraska.gov","agr.cvi@nebraska.gov","","PDF"
"","Crawford","Stephen","25 Capitol St","Concord","03301","NH","NEW HAMPSHIRE","Stephen.Crawford@agr.nh.gov","cindy.heisler@agr.nh.gov","","PDF"
"","Tamassia","Manoel","P.O. Box 330","Trenton","08625","NJ","NEW JERSEY","manoel.tamassia@ag.state.nj.us","NJADT@ag.state.nj.us","","PDF"
"","Eckhoff","Alexandra","300 San Mateo NE, Ste. 1000","Albuquerque","87108","NM","NEW MEXICO","Alexandra.Eckhoff@state.nm.us","statevet@nmlbonline.com","","PDF"
"","Goicoechea","J. J.","1567 Orca Way","Reno","89506","NV","NEVADA","jgoicoechea@agri.nv.gov","icvis@agri.nv.gov","","PDF"
"","Smith","David","10 B Airline Drive","Albany","12235","NY","NEW YORK","david.smith@agriculture.ny.gov","melissa.konwisarz@agriculture.ny.gov","","PDF"
"","Forshey","Tony","8995 E. Main Street","Reynoldsburg","43068","OH","OHIO","tforshey@agri.ohio.gov","HAllen@agri.ohio.gov, sarah.martin@agri.ohio.gov","","PDF"
"","Hall","Rod","P.O. Box 528804","Oklahoma City","73105","OK","OKLAHOMA","rod.hall@ag.ok.gov","Health.Certificates@ag.ok.gov","","PDF"
"","LeaMaster","Brad","635 Capital St., NE","Salem","97301-1531","OR","OREGON","bleamaster@oda.state.or.us","ahforms@oda.state.or.us","","PDF"
"","Wolfgang","David","2301 N. Cameron St.","Harrisburg","17110-9408","PA","PENNSYLVANIA","asimeone@pa.gov","pacvisubmission@pa.gov","","PDF"
"","Diaz-Collazo","Hector","Commonwealth of Puerto Rico Box 10163","Santurce","00908","PR","PUERTO RICO",,,"","PDF"
"","Marshall","Scott","235 Promenade Street, Rm 370","Providence","02908","RI","RHODE ISLAND","scott.marshall@dem.ri.gov","peter.belinsky@dem.ri.gov,scott.marshall@dem.ri.gov","","PDF"
"","Parr","Boyd","P. O. Box 102406","Columbia ","29224    ","SC","SOUTH CAROLINA","bparr@clemson.edu","scvetcert@clemson.edu","","CVI"
"","Oedekoven","Dustin","411 S. Fort St.","Pierre","57501","SD","SOUTH DAKOTA","dustin.oedekoven@state.sd.us","aibmail@state.sd.us","","PDF"
"","Hatcher","Charles","P.O. Box 40627","Nashville","37204","TN","TENNESSEE","charles.hatcher@tn.gov","animal.health@tn.gov,Kimberly.Binkley@tn.gov","","PDF"
"","Schwartz","Andy","P.O. Box 12966","Austin","78758","TX","TEXAS","andy.schwartz@tahc.texas.gov","cvi_submit@tahc.texas.gov","tahc_disapproved_cvi@tahc.texas.gov","PDF"
"","Pittman","Barry","PO Box 146500","Salt Lake City","84114-6500","UT","UTAH","bpittman@utah.gov","cvi@utah.gov","","PDF"
"","Broaddus","Charles","102 Governor St","Richmond","23219","VA","VIRGINIA","charles.broaddus@vdacs.virginia.gov","cvi@vdacs.virginia.gov","","PDF"
"","Bradford","Bethany","PO Box 2148","Kingshill","00851","VI","VIRGIN ISLANDS OF THE U.S.","bethany.bradford@doa.vi.gov",,"","PDF"
"","Haas","Kristin","116 State Street","Montpelier","05620-2901","VT","VERMONT","Kristin.Haas@svermont.gov","AGR.animalHealth@state.vt.us","","PDF"
"","Joseph","Brian","P.O. Box 42560","Olympia","98504-2506","WA","WASHINGTON",,"WAImportCVI@agr.wa.gov","","PDF"
"","McGraw","Paul","P.O. Box 8911","Madison","53708-8911","WI","WISCONSIN","paul.mcgraw@wisconsin.gov","DATCPAnimalImports@wisconsin.gov","","PDF"
"","Harper","Vanessa","1900 Kanawha Blvd., East","Charleston","25305-0172","WV","WEST VIRGINIA","vharper@wvda.us","jcantley@wvda.us, jzirkle@wvda.us","","PDF"
"","Logan","Jim","1934 Wyott Dr","Cheyenne","82002","WY","WYOMING","Jim.Logan@wyo.gov","health.cert@wyo.gov","","PDF"
